project_id,project_name,project_type,business_unit,region,priority,start_date,planned_end_date,actual_end_date,planned_duration_days,actual_duration_days,delay_days,delayed_flag,major_delay_flag,budget_gbp,sponsor,project_manager,milestone_count,critical_milestone_count,delayed_milestone_count,critical_milestone_missed_count,avg_milestone_delay_days,max_milestone_delay_days,issue_count,unresolved_issue_count,high_severity_issue_count,avg_issue_days_open,approval_delay_issue_count,vendor_delay_issue_count,resource_shortage_issue_count,scope_change_issue_count,dependency_blocker_issue_count,procurement_delay_issue_count,technical_issue_count,planned_team_size,actual_team_size,resource_gap,resource_gap_pct,overtime_hours,attrition_flag,change_request_count,approved_scope_change_count,late_scope_change_flag,scope_change_impact,schedule_variance_pct,resource_gap_flag,high_overtime_flag,preventable_delay_flag,risk_score,risk_band
P001,IT Delivery UK Program 001,IT Delivery,Sales,UK,High,2024-04-14 00:00:00,2024-11-29 00:00:00,2025-01-12 00:00:00,229,273,44,1,1,358000,Sponsor_07,PM_19,6,4,6,4,8.0,14,11,4,5,62.72727272727273,2,1,2,4,1,0,1,4,2,2,0.5,163,1,3,2,0,Medium,0.19213973799126638,1,1,1,9,High
P002,IT Delivery Europe Program 002,IT Delivery,Operations,Europe,Low,2024-06-12 00:00:00,2024-12-27 00:00:00,2025-01-18 00:00:00,198,220,22,1,0,876000,Sponsor_03,PM_09,6,4,6,4,4.166666666666667,6,9,0,3,15.555555555555555,1,1,0,2,0,1,4,7,4,3,0.429,111,0,0,0,0,Low,0.1111111111111111,1,1,1,6,High
P003,Operations Improvement UK Program 003,Operations Improvement,Sales,UK,Medium,2025-01-22 00:00:00,2025-05-12 00:00:00,2025-06-03 00:00:00,110,132,22,1,0,1310000,Sponsor_14,PM_10,6,4,6,4,3.8333333333333335,8,5,0,4,14.0,0,0,0,1,2,0,2,14,16,0,0.0,8,1,0,0,0,Medium,0.2,0,0,1,4,Medium
P004,Client Implementation Europe Program 004,Client Implementation,Customer Experience,Europe,Medium,2025-01-08 00:00:00,2025-05-19 00:00:00,2025-07-10 00:00:00,131,183,52,1,1,938000,Sponsor_04,PM_12,6,4,6,4,9.5,16,6,3,2,46.833333333333336,1,3,1,1,0,0,0,14,15,0,0.0,81,1,0,0,0,Medium,0.3969465648854962,0,1,1,6,High
P005,Transformation Europe Program 005,Transformation,Operations,Europe,Low,2025-07-24 00:00:00,2025-12-17 00:00:00,2026-01-30 00:00:00,146,190,44,1,1,1582000,Sponsor_14,PM_11,6,4,6,4,9.333333333333334,24,7,2,1,36.42857142857143,1,2,0,1,0,0,3,4,3,1,0.25,36,1,2,2,0,Low,0.3013698630136986,1,0,1,4,Medium
P006,IT Delivery Europe Program 006,IT Delivery,Operations,Europe,Low,2024-09-28 00:00:00,2025-01-31 00:00:00,2025-02-01 00:00:00,125,126,1,1,0,685000,Sponsor_09,PM_18,6,4,1,0,0.16666666666666666,1,8,3,2,36.25,2,1,0,2,1,0,2,8,7,1,0.125,76,0,1,1,0,Medium,0.008,0,0,1,3,Medium
P007,Transformation Europe Program 007,Transformation,Sales,Europe,High,2025-03-08 00:00:00,2025-06-22 00:00:00,2025-08-09 00:00:00,106,154,48,1,1,968000,Sponsor_10,PM_13,6,4,5,3,8.0,15,12,2,4,23.666666666666668,3,1,0,4,0,1,3,11,8,3,0.273,194,0,0,0,0,High,0.4528301886792453,1,1,1,7,High
P008,Client Implementation UK Program 008,Client Implementation,Operations,UK,Medium,2024-01-04 00:00:00,2024-06-09 00:00:00,2024-06-18 00:00:00,157,166,9,1,0,1205000,Sponsor_09,PM_06,6,4,5,3,1.5,3,5,0,0,18.6,0,2,0,0,2,1,0,5,6,0,0.0,25,1,0,0,0,Medium,0.05732484076433121,0,0,1,3,Medium
P009,IT Delivery UK Program 009,IT Delivery,Technology,UK,Medium,2024-11-27 00:00:00,2025-06-30 00:00:00,2025-08-22 00:00:00,215,268,53,1,1,219000,Sponsor_15,PM_04,6,4,5,4,11.333333333333334,30,7,1,0,40.57142857142857,2,2,0,2,0,0,1,9,10,0,0.0,10,1,4,2,1,Low,0.24651162790697675,0,0,1,6,High
P010,IT Delivery Australia Program 010,IT Delivery,Sales,Australia,Medium,2024-06-18 00:00:00,2024-11-22 00:00:00,2024-12-07 00:00:00,157,172,15,1,0,1260000,Sponsor_07,PM_20,6,4,5,3,2.5,6,8,2,0,35.125,3,0,1,0,1,0,3,7,9,0,0.0,39,0,0,0,0,Medium,0.09554140127388536,0,0,1,3,Medium
P011,IT Delivery UK Program 011,IT Delivery,Operations,UK,Medium,2024-08-18 00:00:00,2024-12-02 00:00:00,2024-12-16 00:00:00,106,120,14,1,0,872000,Sponsor_10,PM_01,6,4,5,3,2.3333333333333335,3,5,1,3,28.6,0,0,1,3,1,0,0,12,14,0,0.0,7,0,2,2,0,Low,0.1320754716981132,0,0,1,4,Medium
P012,Operations Improvement UK Program 012,Operations Improvement,Technology,UK,High,2025-04-29 00:00:00,2025-09-28 00:00:00,2025-10-07 00:00:00,152,161,9,1,0,1786000,Sponsor_13,PM_16,6,4,5,3,1.5,4,3,0,1,11.333333333333334,0,0,1,1,0,1,0,10,10,0,0.0,52,0,1,1,0,Medium,0.05921052631578947,0,0,1,2,Low
P013,IT Delivery UK Program 013,IT Delivery,Customer Experience,UK,High,2024-12-13 00:00:00,2025-04-09 00:00:00,2025-05-19 00:00:00,117,157,40,1,1,689000,Sponsor_04,PM_07,6,4,5,3,6.666666666666667,10,8,2,2,36.625,1,2,0,1,1,0,3,12,10,2,0.167,39,0,0,0,0,Low,0.3418803418803419,1,0,1,6,High
P014,IT Delivery Europe Program 014,IT Delivery,Sales,Europe,High,2024-08-30 00:00:00,2025-01-09 00:00:00,2025-02-04 00:00:00,132,158,26,1,0,1012000,Sponsor_08,PM_16,6,4,4,2,4.333333333333333,9,8,1,3,20.75,1,0,3,2,0,1,1,7,4,3,0.429,119,1,3,3,0,Low,0.19696969696969696,1,1,1,6,High
P015,Operations Improvement Europe Program 015,Operations Improvement,Technology,Europe,Medium,2025-05-13 00:00:00,2025-09-19 00:00:00,2025-10-23 00:00:00,129,163,34,1,1,568000,Sponsor_04,PM_10,6,4,6,4,6.666666666666667,12,10,2,3,22.0,2,2,1,0,2,1,2,4,2,2,0.5,32,0,0,0,0,Medium,0.26356589147286824,1,0,1,7,High
P016,Transformation UK Program 016,Transformation,Finance,UK,Low,2024-03-10 00:00:00,2024-08-07 00:00:00,2024-09-12 00:00:00,150,186,36,1,1,1006000,Sponsor_15,PM_04,6,4,6,4,6.833333333333333,12,4,0,1,11.75,1,1,0,1,1,0,0,13,13,0,0.0,84,0,1,1,0,Medium,0.24,0,1,1,3,Medium
P017,Operations Improvement UK Program 017,Operations Improvement,Operations,UK,Medium,2024-09-28 00:00:00,2025-04-07 00:00:00,2025-05-02 00:00:00,191,216,25,1,0,448000,Sponsor_08,PM_10,6,4,4,2,4.166666666666667,9,11,2,4,31.545454545454547,1,1,2,0,3,2,2,9,10,0,0.0,12,1,5,3,1,High,0.13089005235602094,0,0,1,6,High
P018,Operations Improvement UK Program 018,Operations Improvement,Sales,UK,High,2025-03-24 00:00:00,2025-11-08 00:00:00,2025-11-17 00:00:00,229,238,9,1,0,1620000,Sponsor_10,PM_10,6,4,5,4,1.6666666666666667,4,7,0,2,18.0,2,1,0,0,2,2,0,14,16,0,0.0,13,0,1,0,0,Medium,0.039301310043668124,0,0,1,5,Medium
P019,Operations Improvement UK Program 019,Operations Improvement,Customer Experience,UK,Medium,2024-10-15 00:00:00,2025-03-07 00:00:00,2025-04-09 00:00:00,143,176,33,1,1,1649000,Sponsor_04,PM_11,6,4,5,3,5.5,11,9,2,2,33.22222222222222,2,2,1,2,0,0,2,14,11,3,0.214,43,0,0,0,0,Medium,0.23076923076923078,1,0,1,7,High
P020,Transformation UK Program 020,Transformation,Customer Experience,UK,High,2025-03-13 00:00:00,2025-11-01 00:00:00,2025-11-19 00:00:00,233,251,18,1,0,199000,Sponsor_02,PM_04,6,4,5,4,3.1666666666666665,6,6,0,1,7.166666666666667,1,2,1,0,1,1,0,15,16,0,0.0,70,1,2,2,0,High,0.07725321888412018,0,0,1,3,Medium
P021,Transformation Australia Program 021,Transformation,Operations,Australia,Low,2024-02-10 00:00:00,2024-08-09 00:00:00,2024-09-15 00:00:00,181,218,37,1,1,610000,Sponsor_11,PM_08,6,4,6,4,6.666666666666667,11,5,1,1,24.0,1,1,0,0,0,2,1,5,6,0,0.0,95,1,1,1,0,High,0.20441988950276244,0,1,1,3,Medium
P022,Client Implementation Europe Program 022,Client Implementation,Customer Experience,Europe,High,2024-12-06 00:00:00,2025-06-19 00:00:00,2025-07-06 00:00:00,195,212,17,1,0,1551000,Sponsor_05,PM_08,6,4,6,4,3.1666666666666665,6,9,2,4,31.11111111111111,1,3,2,1,1,1,0,6,6,0,0.0,28,0,0,0,0,High,0.08717948717948718,0,0,1,5,Medium
P023,Operations Improvement UK Program 023,Operations Improvement,Customer Experience,UK,Low,2024-07-16 00:00:00,2025-01-24 00:00:00,2025-02-11 00:00:00,192,210,18,1,0,852000,Sponsor_14,PM_09,6,4,6,4,3.3333333333333335,7,5,0,0,11.2,1,0,1,1,1,0,1,5,5,0,0.0,86,0,3,2,0,Medium,0.09375,0,1,1,3,Medium
P024,Product Launch Australia Program 024,Product Launch,Operations,Australia,Medium,2024-02-09 00:00:00,2024-06-05 00:00:00,2024-06-14 00:00:00,117,126,9,1,0,1401000,Sponsor_06,PM_14,6,4,6,4,1.8333333333333333,4,4,0,2,16.0,0,0,1,1,1,0,1,15,12,3,0.2,118,0,2,2,0,High,0.07692307692307693,1,1,1,6,High
P025,Operations Improvement Australia Program 025,Operations Improvement,Technology,Australia,High,2025-07-05 00:00:00,2025-11-22 00:00:00,2025-12-16 00:00:00,140,164,24,1,0,925000,Sponsor_02,PM_14,6,4,5,3,4.0,9,10,4,4,36.4,0,2,4,4,0,0,0,14,11,3,0.214,204,0,3,2,0,Medium,0.17142857142857143,1,1,1,9,High
P026,Operations Improvement UK Program 026,Operations Improvement,Operations,UK,High,2025-01-23 00:00:00,2025-06-06 00:00:00,2025-06-25 00:00:00,134,153,19,1,0,1440000,Sponsor_05,PM_19,6,4,6,4,4.0,10,5,0,2,17.2,1,0,0,4,0,0,0,10,10,0,0.0,100,0,3,2,0,Low,0.1417910447761194,0,1,1,5,Medium
P027,Operations Improvement Europe Program 027,Operations Improvement,Finance,Europe,Medium,2024-06-22 00:00:00,2024-10-11 00:00:00,2024-10-31 00:00:00,111,131,20,1,0,761000,Sponsor_11,PM_17,6,4,5,3,3.3333333333333335,7,5,2,1,23.4,0,1,0,0,2,0,2,14,12,2,0.143,192,0,1,1,0,High,0.18018018018018017,0,1,1,3,Medium
P028,Product Launch Europe Program 028,Product Launch,Technology,Europe,Medium,2024-07-18 00:00:00,2025-01-22 00:00:00,2025-02-16 00:00:00,188,213,25,1,0,1192000,Sponsor_04,PM_13,6,4,6,4,4.5,9,12,1,4,22.416666666666668,1,1,2,3,0,4,1,6,3,3,0.5,219,0,2,1,0,Medium,0.13297872340425532,1,1,1,6,High
P029,Client Implementation Europe Program 029,Client Implementation,Technology,Europe,Medium,2024-05-04 00:00:00,2024-11-26 00:00:00,2024-11-26 00:00:00,206,206,0,0,0,453000,Sponsor_11,PM_15,6,4,0,0,0.0,0,3,0,2,15.0,0,1,0,1,0,1,0,12,13,0,0.0,104,0,4,3,0,High,0.0,0,1,1,3,Medium
P030,Transformation Europe Program 030,Transformation,Customer Experience,Europe,Medium,2024-10-10 00:00:00,2025-05-21 00:00:00,2025-07-06 00:00:00,223,269,46,1,1,1172000,Sponsor_05,PM_08,6,4,5,4,9.5,22,9,0,4,11.222222222222221,2,0,0,2,2,0,3,11,12,0,0.0,10,1,4,4,1,Medium,0.2062780269058296,0,0,1,7,High
P031,Operations Improvement UK Program 031,Operations Improvement,Sales,UK,High,2024-12-04 00:00:00,2025-07-20 00:00:00,2025-08-10 00:00:00,228,249,21,1,0,1134000,Sponsor_01,PM_14,6,4,6,4,3.8333333333333335,7,12,2,1,30.0,1,2,3,4,0,1,1,7,9,0,0.0,2,0,2,1,0,Medium,0.09210526315789473,0,0,1,3,Medium
P032,Operations Improvement Australia Program 032,Operations Improvement,Technology,Australia,Low,2025-03-05 00:00:00,2025-10-18 00:00:00,2025-10-21 00:00:00,227,230,3,1,0,1710000,Sponsor_13,PM_18,6,4,1,0,0.5,3,5,0,1,8.4,1,1,0,1,0,0,2,13,13,0,0.0,3,0,1,1,0,Low,0.013215859030837005,0,0,1,0,Low
P033,Operations Improvement UK Program 033,Operations Improvement,Operations,UK,Medium,2025-06-30 00:00:00,2025-10-04 00:00:00,2025-11-03 00:00:00,96,126,30,1,0,986000,Sponsor_10,PM_19,6,4,5,3,5.0,9,11,2,4,26.90909090909091,1,2,2,5,0,1,0,14,11,3,0.214,86,1,4,3,1,Medium,0.3125,1,1,1,9,High
P034,Product Launch UK Program 034,Product Launch,Operations,UK,Low,2024-03-24 00:00:00,2024-10-20 00:00:00,2024-11-24 00:00:00,210,245,35,1,1,219000,Sponsor_01,PM_18,6,4,5,3,5.833333333333333,10,7,0,0,7.571428571428571,1,2,2,1,0,0,1,9,6,3,0.333,213,1,2,2,0,High,0.16666666666666666,1,1,1,5,Medium
P035,Operations Improvement UK Program 035,Operations Improvement,Sales,UK,High,2024-04-27 00:00:00,2024-12-17 00:00:00,2025-01-10 00:00:00,234,258,24,1,0,626000,Sponsor_12,PM_15,6,4,6,4,4.166666666666667,8,4,0,0,12.75,2,0,0,0,1,1,0,8,10,0,0.0,91,1,1,0,0,Medium,0.10256410256410256,0,1,1,4,Medium
P036,Transformation Australia Program 036,Transformation,Operations,Australia,Medium,2025-02-10 00:00:00,2025-06-30 00:00:00,2025-08-09 00:00:00,140,180,40,1,1,335000,Sponsor_12,PM_19,6,4,6,4,8.0,16,7,3,0,42.42857142857143,2,0,1,1,2,1,0,14,16,0,0.0,76,0,2,2,0,Low,0.2857142857142857,0,0,1,3,Medium
P037,Client Implementation UK Program 037,Client Implementation,Operations,UK,Medium,2025-06-02 00:00:00,2025-11-26 00:00:00,2026-01-12 00:00:00,177,224,47,1,1,205000,Sponsor_14,PM_14,6,4,6,4,9.0,14,12,3,3,38.75,3,2,2,1,1,3,0,11,13,0,0.0,19,0,5,5,1,High,0.2655367231638418,0,0,1,8,High
P038,Client Implementation UK Program 038,Client Implementation,Finance,UK,Medium,2024-10-01 00:00:00,2025-03-22 00:00:00,2025-05-03 00:00:00,172,214,42,1,1,682000,Sponsor_05,PM_03,6,4,5,4,7.333333333333333,17,11,1,1,19.545454545454547,3,1,1,1,1,4,0,11,11,0,0.0,43,1,1,1,0,Medium,0.2441860465116279,0,0,1,3,Medium
P039,Operations Improvement UK Program 039,Operations Improvement,Operations,UK,Low,2024-10-09 00:00:00,2025-05-29 00:00:00,2025-06-15 00:00:00,232,249,17,1,0,200000,Sponsor_04,PM_17,6,4,6,4,3.0,5,5,1,1,20.8,0,2,1,0,0,1,1,5,3,2,0.4,196,0,1,1,0,Medium,0.07327586206896551,1,1,1,5,Medium
P040,Operations Improvement Europe Program 040,Operations Improvement,Operations,Europe,High,2025-01-12 00:00:00,2025-08-11 00:00:00,2025-08-20 00:00:00,211,220,9,1,0,1313000,Sponsor_06,PM_17,6,4,4,2,1.5,4,5,1,1,27.6,0,0,0,1,2,1,1,10,10,0,0.0,34,0,1,1,0,Medium,0.04265402843601896,0,0,1,2,Low
P041,Transformation Europe Program 041,Transformation,Operations,Europe,High,2024-07-08 00:00:00,2024-11-24 00:00:00,2024-12-20 00:00:00,139,165,26,1,0,623000,Sponsor_05,PM_16,6,4,5,4,4.666666666666667,9,7,3,2,44.857142857142854,1,2,2,1,0,1,0,15,12,3,0.2,69,1,0,0,0,Medium,0.18705035971223022,1,0,1,6,High
P042,IT Delivery Europe Program 042,IT Delivery,Operations,Europe,Low,2024-05-09 00:00:00,2024-12-10 00:00:00,2025-01-09 00:00:00,215,245,30,1,0,390000,Sponsor_10,PM_01,6,4,5,3,5.0,10,9,2,2,41.333333333333336,1,0,3,2,1,1,1,8,5,3,0.375,84,0,2,1,0,Low,0.13953488372093023,1,1,1,6,High
P043,Transformation Europe Program 043,Transformation,Sales,Europe,Medium,2024-02-24 00:00:00,2024-07-01 00:00:00,2024-07-25 00:00:00,128,152,24,1,0,485000,Sponsor_05,PM_19,6,4,5,3,4.0,10,7,3,1,39.857142857142854,0,2,0,2,1,0,2,5,6,0,0.0,76,0,3,2,0,Medium,0.1875,0,0,1,3,Medium
P044,Product Launch UK Program 044,Product Launch,Operations,UK,Medium,2024-03-02 00:00:00,2024-06-25 00:00:00,2024-07-21 00:00:00,115,141,26,1,0,1742000,Sponsor_11,PM_07,6,4,6,4,5.166666666666667,10,8,3,0,31.875,2,2,2,2,0,0,0,7,8,0,0.0,9,1,0,0,0,Low,0.22608695652173913,0,0,1,4,Medium
P045,IT Delivery UK Program 045,IT Delivery,Technology,UK,Medium,2024-10-16 00:00:00,2025-05-10 00:00:00,2025-05-29 00:00:00,206,225,19,1,0,325000,Sponsor_15,PM_08,6,4,5,4,3.6666666666666665,6,9,4,3,49.22222222222222,0,0,3,2,2,0,2,8,6,2,0.25,128,1,3,1,0,Medium,0.09223300970873786,1,1,1,8,High
P046,Client Implementation UK Program 046,Client Implementation,Sales,UK,High,2024-10-22 00:00:00,2025-05-12 00:00:00,2025-05-12 00:00:00,202,202,0,0,0,434000,Sponsor_12,PM_15,6,4,0,0,0.0,0,8,1,1,21.75,2,3,3,0,0,0,0,8,8,0,0.0,56,1,0,0,0,Medium,0.0,0,0,1,2,Low
P047,Client Implementation UK Program 047,Client Implementation,Technology,UK,High,2024-01-22 00:00:00,2024-06-28 00:00:00,2024-08-06 00:00:00,158,197,39,1,1,1360000,Sponsor_13,PM_02,6,4,5,3,6.5,16,8,3,3,39.0,1,0,2,1,0,2,2,6,4,2,0.333,169,0,0,0,0,High,0.2468354430379747,1,1,1,6,High
P048,Operations Improvement UK Program 048,Operations Improvement,Operations,UK,High,2025-02-25 00:00:00,2025-09-29 00:00:00,2025-10-24 00:00:00,216,241,25,1,0,770000,Sponsor_14,PM_13,6,4,5,3,4.166666666666667,8,6,2,1,38.5,0,1,3,0,0,1,1,12,9,3,0.25,217,0,1,1,0,Low,0.11574074074074074,1,1,1,4,Medium
P049,Client Implementation Europe Program 049,Client Implementation,Sales,Europe,Low,2024-02-25 00:00:00,2024-07-12 00:00:00,2024-08-09 00:00:00,138,166,28,1,0,1241000,Sponsor_10,PM_12,6,4,5,4,6.166666666666667,18,6,0,1,12.166666666666666,3,0,0,1,1,1,0,11,12,0,0.0,16,0,0,0,0,Low,0.2028985507246377,0,0,1,3,Medium
P050,Transformation Europe Program 050,Transformation,Technology,Europe,Low,2024-11-14 00:00:00,2025-07-03 00:00:00,2025-08-20 00:00:00,231,279,48,1,1,208000,Sponsor_07,PM_18,6,4,6,4,8.833333333333334,16,10,2,3,29.8,0,0,2,2,2,2,2,5,2,3,0.6,185,0,1,1,0,Low,0.2077922077922078,1,1,1,6,High
P051,Product Launch UK Program 051,Product Launch,Operations,UK,Medium,2025-05-09 00:00:00,2025-12-05 00:00:00,2025-12-27 00:00:00,210,232,22,1,0,679000,Sponsor_09,PM_15,6,4,5,4,4.333333333333333,8,9,2,2,38.888888888888886,1,3,2,1,1,0,1,6,4,2,0.333,37,1,0,0,0,Medium,0.10476190476190476,1,0,1,6,High
P052,Operations Improvement Australia Program 052,Operations Improvement,Sales,Australia,Medium,2025-05-16 00:00:00,2025-09-21 00:00:00,2025-11-28 00:00:00,128,196,68,1,1,1094000,Sponsor_08,PM_18,6,4,5,4,15.5,50,12,1,3,22.083333333333332,1,1,2,6,1,1,0,9,7,2,0.222,198,1,4,2,1,High,0.53125,1,1,1,8,High
P053,Operations Improvement Europe Program 053,Operations Improvement,Technology,Europe,High,2025-01-25 00:00:00,2025-08-01 00:00:00,2025-09-03 00:00:00,188,221,33,1,1,1539000,Sponsor_08,PM_05,6,4,6,4,6.333333333333333,10,7,1,3,31.142857142857142,1,1,0,4,0,0,1,4,4,0,0.0,12,0,4,4,1,Low,0.17553191489361702,0,0,1,6,High
P054,Product Launch Europe Program 054,Product Launch,Customer Experience,Europe,High,2024-09-28 00:00:00,2025-03-23 00:00:00,2025-03-30 00:00:00,176,183,7,1,0,1456000,Sponsor_11,PM_13,6,4,3,2,1.1666666666666667,3,6,3,1,25.0,1,1,0,1,0,2,1,5,5,0,0.0,40,0,1,1,0,High,0.03977272727272727,0,0,1,2,Low
P055,Transformation Australia Program 055,Transformation,Sales,Australia,Medium,2024-08-20 00:00:00,2024-12-11 00:00:00,2025-01-06 00:00:00,113,139,26,1,0,1068000,Sponsor_13,PM_04,6,4,6,4,5.166666666666667,10,8,0,3,14.25,0,1,0,2,3,0,2,14,13,1,0.071,27,1,2,1,0,Low,0.23008849557522124,0,0,1,4,Medium
P056,Transformation Europe Program 056,Transformation,Finance,Europe,Medium,2024-06-23 00:00:00,2024-11-04 00:00:00,2024-11-24 00:00:00,134,154,20,1,0,341000,Sponsor_14,PM_20,6,4,6,4,4.0,8,8,0,3,15.125,2,0,0,1,1,1,3,10,10,0,0.0,81,0,4,3,0,Low,0.14925373134328357,0,1,1,6,High
P057,IT Delivery UK Program 057,IT Delivery,Customer Experience,UK,Medium,2025-07-13 00:00:00,2025-11-20 00:00:00,2025-12-15 00:00:00,130,155,25,1,0,331000,Sponsor_06,PM_15,6,4,5,3,4.166666666666667,9,5,0,1,14.0,0,0,0,3,0,0,2,13,13,0,0.0,108,0,1,1,0,Medium,0.19230769230769232,0,1,1,3,Medium
P058,Operations Improvement Europe Program 058,Operations Improvement,Operations,Europe,Medium,2024-01-23 00:00:00,2024-08-01 00:00:00,2024-08-01 00:00:00,191,191,0,0,0,742000,Sponsor_10,PM_01,6,4,0,0,0.0,0,4,0,2,15.0,0,2,0,0,0,0,2,14,16,0,0.0,63,0,1,1,0,High,0.0,0,0,1,3,Medium
P059,Operations Improvement UK Program 059,Operations Improvement,Technology,UK,High,2024-09-13 00:00:00,2025-01-16 00:00:00,2025-01-28 00:00:00,125,137,12,1,0,1466000,Sponsor_15,PM_04,6,4,6,4,2.5,6,3,0,0,9.0,0,0,1,0,0,2,0,14,15,0,0.0,46,0,0,0,0,Medium,0.096,0,0,1,2,Low
P060,Operations Improvement Australia Program 060,Operations Improvement,Operations,Australia,Low,2025-01-09 00:00:00,2025-08-22 00:00:00,2025-09-17 00:00:00,225,251,26,1,0,1207000,Sponsor_14,PM_09,6,4,6,4,4.833333333333333,9,3,0,1,16.0,0,0,1,0,1,1,0,6,5,1,0.167,211,0,0,0,0,Medium,0.11555555555555555,1,1,1,4,Medium
P061,IT Delivery UK Program 061,IT Delivery,Sales,UK,Medium,2025-02-10 00:00:00,2025-09-30 00:00:00,2025-11-16 00:00:00,232,279,47,1,1,929000,Sponsor_13,PM_03,6,4,5,4,8.5,14,11,1,6,24.363636363636363,1,2,1,3,1,1,2,10,12,0,0.0,33,0,4,3,1,High,0.2025862068965517,0,0,1,7,High
P062,Operations Improvement Europe Program 062,Operations Improvement,Sales,Europe,Low,2024-08-14 00:00:00,2024-11-28 00:00:00,2024-12-22 00:00:00,106,130,24,1,0,1481000,Sponsor_15,PM_15,6,4,4,2,4.0,8,5,0,2,17.2,3,0,1,0,1,0,0,15,12,3,0.2,97,0,1,0,0,Low,0.22641509433962265,1,1,1,7,High
P063,Transformation Europe Program 063,Transformation,Customer Experience,Europe,High,2025-07-07 00:00:00,2026-01-20 00:00:00,2026-01-20 00:00:00,197,197,0,0,0,1382000,Sponsor_15,PM_05,6,4,0,0,0.0,0,4,1,1,27.25,2,0,0,0,1,1,0,10,9,1,0.1,28,0,0,0,0,Medium,0.0,0,0,1,1,Low
P064,Transformation Australia Program 064,Transformation,Technology,Australia,Medium,2025-01-02 00:00:00,2025-04-17 00:00:00,2025-05-05 00:00:00,105,123,18,1,0,995000,Sponsor_04,PM_09,6,4,5,4,4.0,12,10,3,3,36.9,1,1,3,4,1,0,0,5,3,2,0.4,184,0,3,3,0,Low,0.17142857142857143,1,1,1,6,High
P065,Transformation Europe Program 065,Transformation,Operations,Europe,Low,2024-07-29 00:00:00,2024-11-13 00:00:00,2024-12-23 00:00:00,107,147,40,1,1,1747000,Sponsor_04,PM_18,6,4,5,4,7.0,12,9,3,2,37.0,1,2,4,2,0,0,0,13,11,2,0.154,172,1,3,3,0,Low,0.37383177570093457,1,1,1,7,High
P066,Client Implementation UK Program 066,Client Implementation,Sales,UK,Low,2025-01-01 00:00:00,2025-05-31 00:00:00,2025-07-15 00:00:00,150,195,45,1,1,1385000,Sponsor_01,PM_11,6,4,6,4,7.833333333333333,13,11,2,6,32.27272727272727,2,3,2,0,2,2,0,6,3,3,0.5,210,1,1,1,0,Medium,0.3,1,1,1,8,High
P067,Client Implementation Europe Program 067,Client Implementation,Finance,Europe,High,2024-02-14 00:00:00,2024-09-24 00:00:00,2024-10-26 00:00:00,223,255,32,1,1,797000,Sponsor_11,PM_15,6,4,6,4,6.0,13,10,2,5,41.8,1,1,1,2,3,1,1,4,6,0,0.0,13,0,3,3,0,Medium,0.14349775784753363,0,0,1,4,Medium
P068,IT Delivery Europe Program 068,IT Delivery,Sales,Europe,High,2025-07-15 00:00:00,2026-01-04 00:00:00,2026-02-05 00:00:00,173,205,32,1,1,960000,Sponsor_09,PM_20,6,4,6,4,6.833333333333333,18,7,3,2,50.142857142857146,0,0,1,4,0,0,2,8,10,0,0.0,14,0,2,0,0,Low,0.18497109826589594,0,0,1,4,Medium
P069,Product Launch UK Program 069,Product Launch,Finance,UK,Low,2024-08-21 00:00:00,2025-03-04 00:00:00,2025-04-06 00:00:00,195,228,33,1,1,874000,Sponsor_07,PM_15,6,4,4,3,5.5,13,9,3,4,59.0,2,0,1,0,0,4,2,10,9,1,0.1,115,0,1,0,0,Low,0.16923076923076924,0,1,1,6,High
P070,Client Implementation Europe Program 070,Client Implementation,Sales,Europe,High,2024-05-13 00:00:00,2024-12-31 00:00:00,2025-01-21 00:00:00,232,253,21,1,0,302000,Sponsor_09,PM_19,6,4,5,4,3.6666666666666665,6,7,0,3,11.714285714285714,3,1,0,1,1,1,0,12,14,0,0.0,120,0,1,1,0,Medium,0.09051724137931035,0,1,1,6,High
P071,Product Launch Europe Program 071,Product Launch,Technology,Europe,Medium,2024-08-05 00:00:00,2024-12-12 00:00:00,2025-01-26 00:00:00,129,174,45,1,1,1524000,Sponsor_04,PM_16,6,4,6,4,9.0,18,8,0,2,15.875,0,0,0,0,2,4,2,5,4,1,0.2,166,1,0,0,0,Low,0.3488372093023256,1,1,0,6,High
P072,Client Implementation UK Program 072,Client Implementation,Technology,UK,Medium,2024-09-30 00:00:00,2025-01-05 00:00:00,2025-01-20 00:00:00,97,112,15,1,0,549000,Sponsor_12,PM_09,6,4,6,4,2.8333333333333335,4,10,2,2,21.1,0,1,2,2,2,0,3,8,6,2,0.25,164,0,0,0,0,Low,0.15463917525773196,1,1,1,6,High
P073,Transformation Europe Program 073,Transformation,Technology,Europe,High,2024-08-08 00:00:00,2025-02-10 00:00:00,2025-03-07 00:00:00,186,211,25,1,0,1039000,Sponsor_06,PM_15,6,4,6,4,4.666666666666667,6,6,0,0,10.5,1,2,0,0,0,0,3,6,7,0,0.0,76,1,0,0,0,Medium,0.13440860215053763,0,0,1,3,Medium
P074,Transformation UK Program 074,Transformation,Sales,UK,Medium,2025-03-28 00:00:00,2025-10-10 00:00:00,2025-11-18 00:00:00,196,235,39,1,1,739000,Sponsor_13,PM_07,6,4,5,3,6.5,12,5,1,3,55.4,2,0,0,2,0,0,1,12,12,0,0.0,67,0,4,4,1,High,0.1989795918367347,0,0,1,7,High
P075,Operations Improvement UK Program 075,Operations Improvement,Customer Experience,UK,High,2024-08-04 00:00:00,2024-12-07 00:00:00,2024-12-15 00:00:00,125,133,8,1,0,1745000,Sponsor_05,PM_09,6,4,5,3,1.3333333333333333,3,6,2,0,28.5,1,1,2,1,0,0,1,9,7,2,0.222,117,0,3,3,0,Medium,0.064,1,1,1,4,Medium
P076,Client Implementation UK Program 076,Client Implementation,Sales,UK,Low,2024-01-20 00:00:00,2024-08-14 00:00:00,2024-09-11 00:00:00,207,235,28,1,0,339000,Sponsor_10,PM_11,6,4,6,4,5.666666666666667,12,7,2,0,19.857142857142858,3,2,1,0,0,0,1,10,7,3,0.3,123,1,1,0,0,Medium,0.13526570048309178,1,1,1,6,High
P077,Transformation Europe Program 077,Transformation,Customer Experience,Europe,Medium,2025-01-05 00:00:00,2025-04-27 00:00:00,2025-05-22 00:00:00,112,137,25,1,0,1074000,Sponsor_04,PM_04,6,4,5,4,4.833333333333333,8,10,3,3,36.6,2,1,1,0,1,2,3,10,9,1,0.1,210,0,0,0,0,Medium,0.22321428571428573,0,1,1,6,High
P078,IT Delivery Europe Program 078,IT Delivery,Finance,Europe,High,2024-12-25 00:00:00,2025-05-01 00:00:00,2025-06-16 00:00:00,127,173,46,1,1,663000,Sponsor_03,PM_04,6,4,6,4,8.666666666666666,12,12,1,2,21.25,2,1,2,3,0,0,4,8,10,0,0.0,9,1,1,1,0,Medium,0.36220472440944884,0,0,1,5,Medium
P079,IT Delivery UK Program 079,IT Delivery,Technology,UK,Medium,2025-08-01 00:00:00,2026-01-20 00:00:00,2026-02-27 00:00:00,172,210,38,1,1,1464000,Sponsor_03,PM_11,6,4,6,4,6.5,10,8,1,5,29.375,0,0,1,5,0,1,1,11,8,3,0.273,110,0,4,3,1,Medium,0.22093023255813954,1,1,1,8,High
P080,Operations Improvement Australia Program 080,Operations Improvement,Operations,Australia,Medium,2024-04-02 00:00:00,2024-11-07 00:00:00,2024-11-15 00:00:00,219,227,8,1,0,967000,Sponsor_10,PM_15,6,4,3,3,1.3333333333333333,4,4,1,0,47.0,2,0,1,0,0,1,0,12,13,0,0.0,83,0,1,1,0,Low,0.0365296803652968,0,1,1,4,Medium
P081,IT Delivery UK Program 081,IT Delivery,Sales,UK,High,2024-12-17 00:00:00,2025-04-07 00:00:00,2025-04-13 00:00:00,111,117,6,1,0,1213000,Sponsor_01,PM_06,6,4,4,3,1.3333333333333333,4,6,0,1,14.666666666666666,3,1,0,0,1,0,1,7,8,0,0.0,20,0,1,0,0,Medium,0.05405405405405406,0,0,1,3,Medium
P082,Transformation UK Program 082,Transformation,Technology,UK,Medium,2025-07-25 00:00:00,2026-01-29 00:00:00,2026-02-24 00:00:00,188,214,26,1,0,761000,Sponsor_12,PM_09,6,4,5,3,4.333333333333333,8,10,1,3,25.8,1,0,2,2,3,1,1,14,16,0,0.0,18,0,4,4,1,Low,0.13829787234042554,0,0,1,6,High
P083,Product Launch Europe Program 083,Product Launch,Technology,Europe,Medium,2024-03-27 00:00:00,2024-09-12 00:00:00,2024-09-12 00:00:00,169,169,0,0,0,1324000,Sponsor_11,PM_13,6,4,0,0,0.0,0,5,0,1,13.0,1,0,0,2,0,0,2,9,11,0,0.0,87,0,2,0,0,High,0.0,0,1,1,1,Low
P084,Operations Improvement Australia Program 084,Operations Improvement,Operations,Australia,High,2025-05-12 00:00:00,2025-09-28 00:00:00,2025-10-28 00:00:00,139,169,30,1,0,643000,Sponsor_03,PM_05,6,4,5,4,5.166666666666667,10,5,2,2,54.2,1,1,0,0,1,2,0,5,6,0,0.0,106,0,0,0,0,Medium,0.2158273381294964,0,1,1,5,Medium
P085,Transformation UK Program 085,Transformation,Operations,UK,Medium,2025-01-20 00:00:00,2025-05-29 00:00:00,2025-06-14 00:00:00,129,145,16,1,0,512000,Sponsor_14,PM_06,6,4,5,4,3.0,5,8,2,4,23.75,1,3,0,0,1,2,1,15,15,0,0.0,5,0,2,0,0,Low,0.12403100775193798,0,0,1,5,Medium
P086,IT Delivery UK Program 086,IT Delivery,Technology,UK,Low,2024-09-01 00:00:00,2025-02-17 00:00:00,2025-03-20 00:00:00,169,200,31,1,1,1786000,Sponsor_15,PM_16,6,4,5,4,7.333333333333333,26,4,2,0,49.5,0,0,1,0,0,3,0,7,7,0,0.0,98,0,0,0,0,High,0.1834319526627219,0,1,1,3,Medium
P087,IT Delivery UK Program 087,IT Delivery,Operations,UK,High,2024-05-21 00:00:00,2024-10-22 00:00:00,2024-11-17 00:00:00,154,180,26,1,0,286000,Sponsor_14,PM_16,6,4,6,4,5.166666666666667,10,10,2,2,28.8,2,1,1,3,0,2,1,9,6,3,0.333,92,1,1,1,0,High,0.16883116883116883,1,1,1,7,High
P088,Transformation UK Program 088,Transformation,Operations,UK,Low,2025-04-06 00:00:00,2025-10-02 00:00:00,2025-11-11 00:00:00,179,219,40,1,1,234000,Sponsor_01,PM_14,6,4,5,4,7.333333333333333,14,10,1,0,25.0,2,2,0,1,0,2,3,10,7,3,0.3,101,0,6,4,0,Medium,0.22346368715083798,1,1,1,6,High
P089,Operations Improvement Australia Program 089,Operations Improvement,Sales,Australia,High,2025-04-28 00:00:00,2025-08-31 00:00:00,2025-09-22 00:00:00,125,147,22,1,0,1734000,Sponsor_08,PM_16,6,4,6,4,4.5,10,6,1,2,20.666666666666668,0,1,0,3,0,1,1,13,11,2,0.154,160,0,2,2,0,Low,0.176,1,1,1,6,High
P090,Operations Improvement UK Program 090,Operations Improvement,Operations,UK,High,2025-04-13 00:00:00,2025-07-28 00:00:00,2025-08-18 00:00:00,106,127,21,1,0,407000,Sponsor_10,PM_16,6,4,5,3,3.5,7,10,2,2,22.9,2,2,1,1,1,1,2,12,10,2,0.167,94,0,1,1,0,Low,0.19811320754716982,1,1,1,8,High
P091,Operations Improvement Europe Program 091,Operations Improvement,Finance,Europe,High,2025-06-20 00:00:00,2025-12-19 00:00:00,2026-01-06 00:00:00,182,200,18,1,0,318000,Sponsor_09,PM_17,6,4,6,4,3.3333333333333335,6,7,0,0,10.285714285714286,1,1,3,0,1,1,0,12,12,0,0.0,5,0,2,1,0,Low,0.0989010989010989,0,0,1,2,Low
P092,Client Implementation Europe Program 092,Client Implementation,Operations,Europe,Medium,2024-12-06 00:00:00,2025-04-09 00:00:00,2025-04-17 00:00:00,124,132,8,1,0,270000,Sponsor_09,PM_12,6,4,4,3,1.6666666666666667,4,5,0,3,14.2,0,1,2,1,0,1,0,9,9,0,0.0,89,0,2,2,0,Medium,0.06451612903225806,0,1,1,5,Medium
P093,Client Implementation Europe Program 093,Client Implementation,Sales,Europe,Medium,2024-10-27 00:00:00,2025-03-17 00:00:00,2025-04-17 00:00:00,141,172,31,1,1,269000,Sponsor_15,PM_07,6,4,5,3,5.166666666666667,10,8,2,3,31.875,1,2,0,3,1,1,0,4,5,0,0.0,60,0,1,1,0,Medium,0.2198581560283688,0,0,1,5,Medium
P094,Client Implementation UK Program 094,Client Implementation,Customer Experience,UK,Medium,2025-01-11 00:00:00,2025-07-31 00:00:00,2025-09-03 00:00:00,201,235,34,1,1,999000,Sponsor_15,PM_15,6,4,6,4,7.666666666666667,24,9,1,5,24.0,2,1,2,1,2,1,0,10,9,1,0.1,152,0,3,2,0,Medium,0.1691542288557214,0,1,1,6,High
P095,Client Implementation Australia Program 095,Client Implementation,Sales,Australia,Medium,2025-07-12 00:00:00,2025-12-24 00:00:00,2025-12-27 00:00:00,165,168,3,1,0,837000,Sponsor_02,PM_04,6,4,2,1,0.6666666666666666,2,8,1,5,27.75,1,1,1,0,2,1,2,9,9,0,0.0,21,0,1,0,0,Medium,0.01818181818181818,0,0,1,2,Low
P096,IT Delivery Europe Program 096,IT Delivery,Operations,Europe,Medium,2024-02-28 00:00:00,2024-06-16 00:00:00,2024-06-26 00:00:00,109,119,10,1,0,1554000,Sponsor_06,PM_13,6,4,5,4,1.8333333333333333,3,6,2,0,13.333333333333334,0,0,3,2,0,0,1,12,10,2,0.167,175,0,3,3,0,High,0.09174311926605505,1,1,1,4,Medium
P097,Transformation UK Program 097,Transformation,Sales,UK,Medium,2025-01-27 00:00:00,2025-09-19 00:00:00,2025-10-11 00:00:00,235,257,22,1,0,246000,Sponsor_03,PM_20,6,4,5,3,3.6666666666666665,8,9,2,5,34.888888888888886,1,0,2,2,2,1,1,14,11,3,0.214,166,1,0,0,0,Medium,0.09361702127659574,1,1,1,6,High
P098,Operations Improvement Europe Program 098,Operations Improvement,Sales,Europe,Medium,2025-01-31 00:00:00,2025-09-21 00:00:00,2025-09-30 00:00:00,233,242,9,1,0,421000,Sponsor_13,PM_09,6,4,5,4,1.8333333333333333,4,7,2,1,23.0,1,1,2,2,1,0,0,8,10,0,0.0,117,0,3,2,0,Medium,0.03862660944206009,0,1,1,3,Medium
P099,Transformation Australia Program 099,Transformation,Customer Experience,Australia,Medium,2025-03-31 00:00:00,2025-07-21 00:00:00,2025-08-27 00:00:00,112,149,37,1,1,1576000,Sponsor_11,PM_11,6,4,5,4,7.666666666666667,18,9,4,2,40.888888888888886,2,2,1,3,0,0,1,9,8,1,0.111,60,0,1,0,0,Low,0.33035714285714285,0,0,1,8,High
P100,Operations Improvement UK Program 100,Operations Improvement,Customer Experience,UK,Low,2025-05-20 00:00:00,2025-08-24 00:00:00,2025-10-06 00:00:00,96,139,43,1,1,919000,Sponsor_10,PM_18,6,4,5,4,7.666666666666667,16,8,1,2,22.125,1,3,1,2,1,0,0,9,6,3,0.333,36,1,3,0,0,Low,0.4479166666666667,1,0,1,6,High
P101,IT Delivery UK Program 101,IT Delivery,Technology,UK,Low,2024-11-20 00:00:00,2025-03-08 00:00:00,2025-03-08 00:00:00,108,108,0,0,0,1101000,Sponsor_11,PM_15,6,4,0,0,0.0,0,4,0,2,15.25,1,0,0,1,0,0,2,12,14,0,0.0,75,0,0,0,0,Medium,0.0,0,0,1,2,Low
P102,Transformation UK Program 102,Transformation,Sales,UK,High,2024-08-18 00:00:00,2025-02-12 00:00:00,2025-04-12 00:00:00,178,237,59,1,1,1242000,Sponsor_14,PM_10,6,4,6,4,11.333333333333334,18,7,3,3,75.0,1,3,1,1,0,0,1,5,4,1,0.2,177,0,4,3,1,Low,0.33146067415730335,1,1,1,9,High
P103,IT Delivery UK Program 103,IT Delivery,Technology,UK,Medium,2024-12-11 00:00:00,2025-08-02 00:00:00,2025-08-12 00:00:00,234,244,10,1,0,264000,Sponsor_02,PM_01,6,4,6,4,2.0,4,9,3,5,34.0,0,0,1,5,3,0,0,4,5,0,0.0,53,0,5,3,1,Medium,0.042735042735042736,0,0,1,6,High
P104,Operations Improvement Australia Program 104,Operations Improvement,Customer Experience,Australia,Medium,2025-02-19 00:00:00,2025-08-04 00:00:00,2025-09-16 00:00:00,166,209,43,1,1,1108000,Sponsor_12,PM_03,6,4,6,4,8.666666666666666,18,10,2,5,26.4,1,0,2,3,1,1,2,4,3,1,0.25,175,1,1,1,0,Medium,0.25903614457831325,1,1,1,6,High
P105,Client Implementation UK Program 105,Client Implementation,Customer Experience,UK,Low,2025-01-14 00:00:00,2025-08-23 00:00:00,2025-10-05 00:00:00,221,264,43,1,1,1330000,Sponsor_06,PM_04,6,4,5,3,9.5,28,11,3,2,50.90909090909091,0,1,0,5,1,1,3,7,4,3,0.429,32,1,0,0,0,Low,0.19457013574660634,1,0,1,5,Medium
P106,Product Launch Australia Program 106,Product Launch,Customer Experience,Australia,Low,2024-11-16 00:00:00,2025-04-03 00:00:00,2025-05-03 00:00:00,138,168,30,1,0,1742000,Sponsor_08,PM_06,6,4,4,2,5.0,10,10,2,1,25.3,2,4,3,0,0,1,0,12,9,3,0.25,120,0,0,0,0,Medium,0.21739130434782608,1,1,1,6,High
P107,Operations Improvement Europe Program 107,Operations Improvement,Operations,Europe,High,2025-04-26 00:00:00,2025-10-06 00:00:00,2025-10-09 00:00:00,163,166,3,1,0,1279000,Sponsor_14,PM_01,6,4,3,1,0.5,1,4,0,2,14.25,1,0,1,1,1,0,0,5,5,0,0.0,46,1,0,0,0,Medium,0.018404907975460124,0,0,1,4,Medium
P108,Transformation UK Program 108,Transformation,Finance,UK,Medium,2024-05-01 00:00:00,2024-08-31 00:00:00,2024-09-13 00:00:00,122,135,13,1,0,378000,Sponsor_06,PM_13,6,4,4,3,2.1666666666666665,5,6,2,1,20.5,1,0,0,1,1,0,3,9,10,0,0.0,65,0,2,1,0,Low,0.10655737704918032,0,0,1,2,Low
P109,Transformation Europe Program 109,Transformation,Sales,Europe,Medium,2025-04-12 00:00:00,2025-08-18 00:00:00,2025-09-05 00:00:00,128,146,18,1,0,1421000,Sponsor_03,PM_17,6,4,5,4,4.333333333333333,16,12,2,2,16.25,4,1,0,3,1,2,1,9,10,0,0.0,94,0,3,2,0,Medium,0.140625,0,1,1,6,High
P110,IT Delivery Australia Program 110,IT Delivery,Technology,Australia,Medium,2025-01-12 00:00:00,2025-07-05 00:00:00,2025-08-27 00:00:00,174,227,53,1,1,1559000,Sponsor_07,PM_04,6,4,6,4,9.833333333333334,13,6,0,1,14.166666666666666,1,0,1,2,1,0,1,13,14,0,0.0,60,0,5,3,0,High,0.3045977011494253,0,0,1,2,Low
P111,Client Implementation Europe Program 111,Client Implementation,Technology,Europe,Medium,2025-05-06 00:00:00,2025-09-16 00:00:00,2025-10-06 00:00:00,133,153,20,1,0,1253000,Sponsor_13,PM_20,6,4,6,4,3.6666666666666665,6,10,0,4,15.7,1,1,2,2,1,1,2,10,12,0,0.0,14,0,3,3,0,Low,0.15037593984962405,0,0,1,4,Medium
P112,Client Implementation Australia Program 112,Client Implementation,Operations,Australia,Medium,2024-03-04 00:00:00,2024-07-07 00:00:00,2024-08-05 00:00:00,125,154,29,1,0,1242000,Sponsor_09,PM_07,6,4,6,4,5.666666666666667,10,8,3,3,35.75,2,0,2,1,2,0,1,9,7,2,0.222,137,0,2,2,0,Medium,0.232,1,1,1,7,High
P113,IT Delivery Europe Program 113,IT Delivery,Technology,Europe,Low,2024-09-27 00:00:00,2025-04-28 00:00:00,2025-05-13 00:00:00,213,228,15,1,0,573000,Sponsor_05,PM_08,6,4,5,4,3.0,6,8,1,3,20.5,1,0,1,1,2,1,2,12,11,1,0.083,200,0,1,1,0,High,0.07042253521126761,0,1,1,5,Medium
P114,Product Launch UK Program 114,Product Launch,Technology,UK,High,2025-07-10 00:00:00,2026-01-13 00:00:00,2026-02-18 00:00:00,187,223,36,1,1,988000,Sponsor_13,PM_12,6,4,6,4,7.0,12,12,3,3,42.333333333333336,0,1,2,6,0,3,0,6,5,1,0.167,133,0,3,2,0,Medium,0.1925133689839572,1,1,1,6,High
P115,Operations Improvement Europe Program 115,Operations Improvement,Customer Experience,Europe,High,2024-10-05 00:00:00,2025-02-07 00:00:00,2025-02-16 00:00:00,125,134,9,1,0,403000,Sponsor_12,PM_20,6,4,4,4,1.6666666666666667,3,7,1,3,22.714285714285715,1,2,2,1,1,0,0,13,11,2,0.154,183,1,1,1,0,High,0.072,1,1,1,7,High
P116,Transformation Europe Program 116,Transformation,Technology,Europe,High,2024-06-10 00:00:00,2024-12-21 00:00:00,2025-02-01 00:00:00,194,236,42,1,1,1517000,Sponsor_08,PM_16,6,4,6,4,7.333333333333333,14,5,1,1,25.8,0,1,1,1,1,1,0,14,16,0,0.0,7,0,3,3,0,Low,0.21649484536082475,0,0,1,2,Low
P117,IT Delivery Australia Program 117,IT Delivery,Operations,Australia,Medium,2024-02-08 00:00:00,2024-06-21 00:00:00,2024-07-23 00:00:00,134,166,32,1,1,1035000,Sponsor_15,PM_06,6,4,6,4,6.333333333333333,12,5,1,1,24.4,1,0,1,2,0,0,1,4,3,1,0.25,29,1,4,3,1,High,0.23880597014925373,1,0,1,5,Medium
P118,Operations Improvement Europe Program 118,Operations Improvement,Finance,Europe,Medium,2024-05-17 00:00:00,2024-12-22 00:00:00,2025-01-27 00:00:00,219,255,36,1,1,1138000,Sponsor_04,PM_09,6,4,6,4,6.166666666666667,13,8,1,1,21.5,3,1,0,0,2,0,2,5,7,0,0.0,23,1,0,0,0,Medium,0.1643835616438356,0,0,1,3,Medium
P119,Client Implementation UK Program 119,Client Implementation,Finance,UK,Medium,2025-02-19 00:00:00,2025-09-06 00:00:00,2025-10-13 00:00:00,199,236,37,1,1,1235000,Sponsor_02,PM_11,6,4,5,3,6.166666666666667,11,10,4,4,52.0,2,3,1,1,1,2,0,10,9,1,0.1,83,1,1,0,0,Low,0.18592964824120603,0,1,1,9,High
P120,Product Launch UK Program 120,Product Launch,Operations,UK,Medium,2025-01-03 00:00:00,2025-06-02 00:00:00,2025-07-21 00:00:00,150,199,49,1,1,307000,Sponsor_08,PM_04,6,4,6,4,10.833333333333334,32,10,1,2,20.2,2,4,1,0,0,2,1,8,7,1,0.125,196,1,4,4,0,High,0.32666666666666666,0,1,1,7,High
P121,Operations Improvement Europe Program 121,Operations Improvement,Operations,Europe,Low,2025-04-10 00:00:00,2025-10-12 00:00:00,2025-10-12 00:00:00,185,185,0,0,0,1031000,Sponsor_15,PM_18,6,4,0,0,0.0,0,4,0,1,13.5,0,1,0,1,1,0,1,11,9,2,0.182,194,0,1,0,0,High,0.0,1,1,1,2,Low
P122,Product Launch Australia Program 122,Product Launch,Sales,Australia,Low,2024-07-26 00:00:00,2025-03-19 00:00:00,2025-03-30 00:00:00,236,247,11,1,0,1279000,Sponsor_03,PM_05,6,4,4,2,1.8333333333333333,4,8,2,6,56.25,0,1,0,2,1,3,1,9,11,0,0.0,74,0,1,1,0,Medium,0.046610169491525424,0,0,1,4,Medium
P123,IT Delivery UK Program 123,IT Delivery,Sales,UK,High,2025-07-31 00:00:00,2025-11-12 00:00:00,2025-11-15 00:00:00,104,107,3,1,0,1324000,Sponsor_11,PM_15,6,4,3,2,0.5,1,9,2,2,23.444444444444443,2,2,2,3,0,0,0,8,10,0,0.0,27,0,2,1,0,High,0.028846153846153848,0,0,1,6,High
P124,Transformation Europe Program 124,Transformation,Customer Experience,Europe,Low,2024-10-20 00:00:00,2025-05-02 00:00:00,2025-05-22 00:00:00,194,214,20,1,0,548000,Sponsor_13,PM_05,6,4,5,3,3.3333333333333335,5,5,1,2,27.2,1,0,0,1,2,0,1,14,14,0,0.0,57,0,3,3,0,Medium,0.10309278350515463,0,0,1,4,Medium
P125,Operations Improvement Europe Program 125,Operations Improvement,Technology,Europe,Medium,2024-12-22 00:00:00,2025-04-21 00:00:00,2025-05-08 00:00:00,120,137,17,1,0,545000,Sponsor_07,PM_18,6,4,6,4,3.0,5,6,0,1,14.333333333333334,0,0,0,4,1,1,0,12,11,1,0.083,138,0,5,5,0,High,0.14166666666666666,0,1,1,3,Medium
P126,Operations Improvement UK Program 126,Operations Improvement,Finance,UK,High,2024-04-25 00:00:00,2024-08-01 00:00:00,2024-08-18 00:00:00,98,115,17,1,0,1532000,Sponsor_10,PM_14,6,4,6,4,3.1666666666666665,5,6,0,0,14.333333333333334,0,1,2,1,0,1,1,4,4,0,0.0,76,0,2,2,0,Medium,0.17346938775510204,0,0,1,2,Low
P127,Operations Improvement Europe Program 127,Operations Improvement,Sales,Europe,Medium,2024-02-27 00:00:00,2024-07-01 00:00:00,2024-07-30 00:00:00,125,154,29,1,0,1211000,Sponsor_04,PM_10,6,4,5,4,6.333333333333333,18,5,1,1,39.2,1,1,1,0,2,0,0,15,14,1,0.067,80,0,0,0,0,Medium,0.232,0,1,1,3,Medium
P128,Operations Improvement Europe Program 128,Operations Improvement,Operations,Europe,Medium,2024-06-28 00:00:00,2025-01-13 00:00:00,2025-01-13 00:00:00,199,199,0,0,0,1318000,Sponsor_01,PM_16,6,4,0,0,0.0,0,6,0,0,16.0,1,1,1,1,1,0,1,9,8,1,0.111,198,0,1,1,0,Medium,0.0,0,1,1,1,Low
P129,Operations Improvement UK Program 129,Operations Improvement,Finance,UK,High,2024-05-27 00:00:00,2024-12-21 00:00:00,2025-01-14 00:00:00,208,232,24,1,0,298000,Sponsor_07,PM_18,6,4,6,4,4.333333333333333,8,7,1,4,28.0,0,2,1,2,2,0,0,10,8,2,0.2,104,0,0,0,0,Low,0.11538461538461539,1,1,1,7,High
P130,Client Implementation Europe Program 130,Client Implementation,Operations,Europe,High,2024-02-10 00:00:00,2024-05-28 00:00:00,2024-06-09 00:00:00,108,120,12,1,0,565000,Sponsor_12,PM_19,6,4,4,2,2.0,5,8,4,5,34.25,0,3,1,1,0,1,2,14,13,1,0.071,97,0,1,0,0,High,0.1111111111111111,0,1,1,8,High
P131,Operations Improvement Europe Program 131,Operations Improvement,Operations,Europe,Medium,2025-05-05 00:00:00,2025-10-04 00:00:00,2025-10-16 00:00:00,152,164,12,1,0,1604000,Sponsor_12,PM_20,6,4,4,4,2.1666666666666665,5,6,1,1,22.0,0,2,0,1,0,1,2,7,6,1,0.143,117,0,0,0,0,Low,0.07894736842105263,0,1,1,4,Medium
P132,IT Delivery Australia Program 132,IT Delivery,Finance,Australia,High,2025-04-25 00:00:00,2025-10-13 00:00:00,2025-11-27 00:00:00,171,216,45,1,1,596000,Sponsor_06,PM_12,6,4,6,4,9.0,18,12,5,4,54.916666666666664,4,2,1,4,0,1,0,10,7,3,0.3,86,0,3,3,0,Medium,0.2631578947368421,1,1,1,10,High
P133,IT Delivery UK Program 133,IT Delivery,Operations,UK,High,2025-01-23 00:00:00,2025-09-15 00:00:00,2025-09-15 00:00:00,235,235,0,0,0,683000,Sponsor_09,PM_16,6,4,0,0,0.0,0,6,1,1,17.0,1,0,1,0,3,0,1,14,14,0,0.0,92,0,3,2,0,Medium,0.0,0,1,1,1,Low
P134,Transformation Australia Program 134,Transformation,Finance,Australia,High,2024-03-01 00:00:00,2024-10-11 00:00:00,2024-11-08 00:00:00,224,252,28,1,0,249000,Sponsor_14,PM_03,6,4,5,4,5.333333333333333,9,5,1,1,51.8,0,0,0,3,1,1,0,14,16,0,0.0,29,1,3,2,0,Low,0.125,0,0,1,2,Low
P135,Transformation Europe Program 135,Transformation,Finance,Europe,Medium,2025-05-09 00:00:00,2025-12-09 00:00:00,2025-12-18 00:00:00,214,223,9,1,0,212000,Sponsor_09,PM_01,6,4,5,3,1.5,2,9,2,6,34.0,3,2,1,1,0,1,1,12,13,0,0.0,36,1,2,2,0,Medium,0.04205607476635514,0,0,1,6,High
P136,Transformation UK Program 136,Transformation,Customer Experience,UK,Medium,2025-06-23 00:00:00,2025-11-24 00:00:00,2026-01-09 00:00:00,154,200,46,1,1,905000,Sponsor_13,PM_09,6,4,5,4,8.833333333333334,15,10,1,5,35.6,1,0,0,5,2,1,1,10,12,0,0.0,28,0,4,4,1,Medium,0.2987012987012987,0,0,1,6,High
P137,IT Delivery UK Program 137,IT Delivery,Customer Experience,UK,Medium,2025-01-23 00:00:00,2025-07-28 00:00:00,2025-09-27 00:00:00,186,247,61,1,1,1311000,Sponsor_01,PM_16,6,4,6,4,13.166666666666666,36,11,4,4,68.45454545454545,4,0,1,4,1,1,0,14,14,0,0.0,82,0,3,2,0,Medium,0.3279569892473118,0,1,1,8,High
P138,Product Launch Australia Program 138,Product Launch,Customer Experience,Australia,High,2025-08-03 00:00:00,2026-03-02 00:00:00,2026-03-22 00:00:00,211,231,20,1,0,735000,Sponsor_15,PM_02,6,4,5,3,3.3333333333333335,7,9,3,2,34.111111111111114,3,4,0,1,1,0,0,5,7,0,0.0,4,1,1,0,0,Medium,0.0947867298578199,0,0,1,6,High
P139,Transformation Australia Program 139,Transformation,Operations,Australia,High,2025-02-11 00:00:00,2025-05-31 00:00:00,2025-06-15 00:00:00,109,124,15,1,0,792000,Sponsor_10,PM_06,6,4,5,4,3.0,6,5,1,0,27.4,1,2,0,0,0,0,2,7,8,0,0.0,42,0,0,0,0,Medium,0.13761467889908258,0,0,1,3,Medium
P140,Transformation UK Program 140,Transformation,Technology,UK,Medium,2024-08-25 00:00:00,2024-12-12 00:00:00,2025-01-10 00:00:00,109,138,29,1,0,877000,Sponsor_13,PM_20,6,4,6,4,5.333333333333333,8,11,3,2,27.272727272727273,1,1,1,1,1,3,3,13,10,3,0.231,182,1,0,0,0,Medium,0.26605504587155965,1,1,1,6,High
P141,IT Delivery UK Program 141,IT Delivery,Operations,UK,Low,2025-01-24 00:00:00,2025-05-15 00:00:00,2025-05-27 00:00:00,111,123,12,1,0,1761000,Sponsor_05,PM_20,6,4,5,4,2.6666666666666665,8,5,1,2,17.6,0,3,0,0,0,0,2,7,9,0,0.0,100,0,2,1,0,Low,0.10810810810810811,0,1,1,6,High
P142,Transformation UK Program 142,Transformation,Operations,UK,Medium,2024-05-15 00:00:00,2024-09-04 00:00:00,2024-10-06 00:00:00,112,144,32,1,1,563000,Sponsor_08,PM_14,6,4,6,4,5.833333333333333,9,8,2,2,28.375,1,0,1,2,1,2,1,12,11,1,0.083,161,1,3,1,0,Low,0.2857142857142857,0,1,1,5,Medium
P143,Client Implementation UK Program 143,Client Implementation,Customer Experience,UK,High,2024-03-27 00:00:00,2024-11-15 00:00:00,2024-12-04 00:00:00,233,252,19,1,0,677000,Sponsor_09,PM_19,6,4,5,4,3.8333333333333335,8,7,1,2,18.428571428571427,1,0,1,2,3,0,0,6,5,1,0.167,146,1,1,0,0,Low,0.0815450643776824,1,1,1,6,High
P144,IT Delivery UK Program 144,IT Delivery,Sales,UK,High,2025-05-22 00:00:00,2025-10-09 00:00:00,2025-11-05 00:00:00,140,167,27,1,0,1117000,Sponsor_03,PM_04,6,4,6,4,5.0,7,10,1,2,18.9,2,0,1,3,1,2,1,8,8,0,0.0,102,0,3,3,0,High,0.19285714285714287,0,1,1,6,High
P145,Operations Improvement Australia Program 145,Operations Improvement,Technology,Australia,Low,2024-05-19 00:00:00,2024-11-01 00:00:00,2024-11-01 00:00:00,166,166,0,0,0,836000,Sponsor_12,PM_20,6,4,0,0,0.0,0,4,0,1,19.75,0,0,0,1,1,1,1,7,6,1,0.143,94,0,0,0,0,Medium,0.0,0,1,1,1,Low
P146,Operations Improvement UK Program 146,Operations Improvement,Technology,UK,Medium,2025-07-31 00:00:00,2025-12-19 00:00:00,2025-12-24 00:00:00,141,146,5,1,0,1392000,Sponsor_03,PM_18,6,4,4,3,0.8333333333333334,2,7,0,2,12.428571428571429,1,2,1,2,0,0,1,14,16,0,0.0,26,0,1,1,0,Medium,0.03546099290780142,0,0,1,5,Medium
P147,Transformation Europe Program 147,Transformation,Customer Experience,Europe,Low,2024-05-22 00:00:00,2024-11-05 00:00:00,2024-11-05 00:00:00,167,167,0,0,0,675000,Sponsor_11,PM_09,6,4,0,0,0.0,0,8,1,1,28.625,3,1,0,2,1,0,1,6,7,0,0.0,61,0,1,0,0,Low,0.0,0,0,1,1,Low
P148,IT Delivery Australia Program 148,IT Delivery,Technology,Australia,Medium,2025-07-03 00:00:00,2025-10-22 00:00:00,2025-11-21 00:00:00,111,141,30,1,0,403000,Sponsor_11,PM_08,6,4,6,4,5.5,9,6,2,0,34.333333333333336,0,0,2,1,2,1,0,14,16,0,0.0,86,0,2,1,0,Low,0.2702702702702703,0,1,1,3,Medium
P149,Product Launch UK Program 149,Product Launch,Operations,UK,High,2025-06-06 00:00:00,2026-01-14 00:00:00,2026-01-28 00:00:00,222,236,14,1,0,1322000,Sponsor_12,PM_19,6,4,5,3,2.3333333333333335,5,10,2,3,31.6,0,0,2,0,3,3,2,13,15,0,0.0,75,0,2,2,0,Medium,0.06306306306306306,0,0,1,4,Medium
P150,Transformation UK Program 150,Transformation,Operations,UK,Low,2024-05-25 00:00:00,2024-11-20 00:00:00,2024-11-20 00:00:00,179,179,0,0,0,818000,Sponsor_08,PM_11,6,4,0,0,0.0,0,6,0,3,14.166666666666666,2,2,0,1,0,0,1,7,9,0,0.0,89,0,2,1,0,Low,0.0,0,1,1,5,Medium
P151,Client Implementation Europe Program 151,Client Implementation,Sales,Europe,Low,2024-06-17 00:00:00,2024-11-16 00:00:00,2024-12-01 00:00:00,152,167,15,1,0,1236000,Sponsor_09,PM_06,6,4,5,4,3.0,6,12,5,5,47.5,4,2,1,1,0,3,1,6,6,0,0.0,80,0,0,0,0,Medium,0.09868421052631579,0,1,1,9,High
P152,Client Implementation UK Program 152,Client Implementation,Customer Experience,UK,Medium,2024-01-05 00:00:00,2024-05-28 00:00:00,2024-06-10 00:00:00,144,157,13,1,0,601000,Sponsor_13,PM_09,6,4,4,3,2.1666666666666665,4,5,0,1,10.6,0,0,1,1,1,2,0,15,16,0,0.0,23,0,0,0,0,Low,0.09027777777777778,0,0,1,2,Low
P153,IT Delivery Europe Program 153,IT Delivery,Operations,Europe,Low,2024-11-16 00:00:00,2025-05-24 00:00:00,2025-05-24 00:00:00,189,189,0,0,0,1431000,Sponsor_10,PM_13,6,4,0,0,0.0,0,4,0,2,14.75,0,1,1,1,0,0,1,5,7,0,0.0,90,0,0,0,0,Medium,0.0,0,1,1,3,Medium
P154,Operations Improvement UK Program 154,Operations Improvement,Sales,UK,Medium,2025-02-01 00:00:00,2025-08-17 00:00:00,2025-09-08 00:00:00,197,219,22,1,0,1401000,Sponsor_10,PM_05,6,4,6,4,4.0,6,6,1,2,40.833333333333336,4,1,0,1,0,0,0,10,12,0,0.0,119,0,0,0,0,Medium,0.1116751269035533,0,1,1,6,High
P155,Transformation Australia Program 155,Transformation,Operations,Australia,High,2024-02-24 00:00:00,2024-08-23 00:00:00,2024-09-19 00:00:00,181,208,27,1,0,199000,Sponsor_03,PM_16,6,4,6,4,4.833333333333333,9,11,4,6,40.45454545454545,3,1,3,2,0,1,1,7,9,0,0.0,62,0,4,1,1,Medium,0.14917127071823205,0,0,1,9,High
P156,Transformation UK Program 156,Transformation,Technology,UK,Medium,2025-07-04 00:00:00,2025-12-14 00:00:00,2025-12-20 00:00:00,163,169,6,1,0,524000,Sponsor_10,PM_15,6,4,2,2,1.6666666666666667,8,11,2,4,24.90909090909091,5,3,1,2,0,0,0,15,16,0,0.0,14,0,2,2,0,Medium,0.03680981595092025,0,0,1,4,Medium
P157,Operations Improvement Europe Program 157,Operations Improvement,Customer Experience,Europe,High,2025-07-13 00:00:00,2025-12-05 00:00:00,2025-12-05 00:00:00,145,145,0,0,0,1050000,Sponsor_12,PM_04,6,4,0,0,0.0,0,4,0,2,26.75,0,0,0,2,0,1,1,14,14,0,0.0,33,0,1,0,0,High,0.0,0,0,1,2,Low
P158,Operations Improvement UK Program 158,Operations Improvement,Technology,UK,Medium,2025-03-14 00:00:00,2025-07-24 00:00:00,2025-07-24 00:00:00,132,132,0,0,0,1441000,Sponsor_13,PM_05,6,4,0,0,0.0,0,7,0,4,16.142857142857142,1,2,2,1,0,1,0,7,8,0,0.0,35,0,3,3,0,Medium,0.0,0,0,1,3,Medium
P159,Client Implementation Australia Program 159,Client Implementation,Operations,Australia,High,2024-04-07 00:00:00,2024-08-09 00:00:00,2024-09-21 00:00:00,124,167,43,1,1,1716000,Sponsor_15,PM_14,6,4,6,4,7.5,16,7,2,2,36.285714285714285,0,1,2,2,0,1,1,4,2,2,0.5,57,0,5,4,1,High,0.3467741935483871,1,0,1,7,High
P160,IT Delivery UK Program 160,IT Delivery,Finance,UK,High,2025-04-07 00:00:00,2025-07-25 00:00:00,2025-07-25 00:00:00,109,109,0,0,0,1477000,Sponsor_07,PM_03,6,4,0,0,0.0,0,6,0,1,16.833333333333332,0,1,1,0,0,1,3,12,12,0,0.0,62,0,0,0,0,High,0.0,0,0,1,0,Low
P161,Client Implementation Europe Program 161,Client Implementation,Sales,Europe,Low,2025-01-01 00:00:00,2025-04-17 00:00:00,2025-04-27 00:00:00,106,116,10,1,0,1274000,Sponsor_04,PM_13,6,4,3,2,1.6666666666666667,4,5,2,2,34.6,2,0,1,0,0,2,0,10,9,1,0.1,106,0,2,1,0,Low,0.09433962264150944,0,1,1,6,High
P162,Operations Improvement UK Program 162,Operations Improvement,Technology,UK,High,2025-04-15 00:00:00,2025-07-18 00:00:00,2025-08-09 00:00:00,94,116,22,1,0,434000,Sponsor_08,PM_06,6,4,6,4,4.166666666666667,6,8,1,1,15.125,3,1,2,0,0,2,0,11,13,0,0.0,116,1,1,1,0,Low,0.23404255319148937,0,1,1,4,Medium
P163,Operations Improvement UK Program 163,Operations Improvement,Customer Experience,UK,Low,2025-01-04 00:00:00,2025-06-07 00:00:00,2025-07-01 00:00:00,154,178,24,1,0,348000,Sponsor_11,PM_12,6,4,6,4,4.833333333333333,10,7,0,3,20.0,0,0,2,3,1,0,1,14,16,0,0.0,96,0,2,2,0,Low,0.15584415584415584,0,1,1,5,Medium
P164,Operations Improvement Europe Program 164,Operations Improvement,Sales,Europe,Medium,2025-03-31 00:00:00,2025-07-01 00:00:00,2025-07-24 00:00:00,92,115,23,1,0,196000,Sponsor_14,PM_11,6,4,6,4,4.166666666666667,6,7,1,2,24.857142857142858,1,0,3,1,0,1,1,5,2,3,0.6,78,0,2,2,0,Low,0.25,1,0,1,5,Medium
P165,Transformation UK Program 165,Transformation,Operations,UK,Medium,2024-05-16 00:00:00,2024-09-19 00:00:00,2024-10-06 00:00:00,126,143,17,1,0,320000,Sponsor_10,PM_17,6,4,5,4,3.5,8,7,0,2,13.571428571428571,1,1,0,0,4,1,0,4,2,2,0.5,180,0,1,0,0,Medium,0.1349206349206349,1,1,1,6,High
P166,Operations Improvement UK Program 166,Operations Improvement,Customer Experience,UK,High,2025-01-28 00:00:00,2025-07-26 00:00:00,2025-08-23 00:00:00,179,207,28,1,0,1059000,Sponsor_13,PM_11,6,4,6,4,5.833333333333333,14,5,2,1,58.2,1,1,1,0,1,1,0,6,7,0,0.0,76,0,0,0,0,Low,0.1564245810055866,0,0,1,2,Low
P167,Client Implementation Europe Program 167,Client Implementation,Technology,Europe,Low,2024-11-04 00:00:00,2025-03-26 00:00:00,2025-03-31 00:00:00,142,147,5,1,0,1240000,Sponsor_09,PM_20,6,4,3,2,1.3333333333333333,6,3,0,0,6.0,1,0,0,0,0,1,1,7,5,2,0.286,146,0,1,0,0,Low,0.035211267605633804,1,1,1,4,Medium
P168,Product Launch UK Program 168,Product Launch,Customer Experience,UK,Low,2025-03-06 00:00:00,2025-09-05 00:00:00,2025-09-30 00:00:00,183,208,25,1,0,1298000,Sponsor_13,PM_06,6,4,4,3,4.166666666666667,9,12,3,3,33.916666666666664,2,3,3,1,1,1,1,11,8,3,0.273,23,1,1,1,0,Low,0.1366120218579235,1,0,1,7,High
P169,Product Launch UK Program 169,Product Launch,Customer Experience,UK,Medium,2025-05-28 00:00:00,2025-12-10 00:00:00,2026-01-08 00:00:00,196,225,29,1,0,1047000,Sponsor_02,PM_13,6,4,6,4,5.5,9,5,1,1,27.0,0,3,0,1,0,0,1,14,13,1,0.071,40,0,0,0,0,Low,0.14795918367346939,0,0,1,3,Medium
P170,Operations Improvement Europe Program 170,Operations Improvement,Technology,Europe,Medium,2024-03-08 00:00:00,2024-08-24 00:00:00,2024-09-02 00:00:00,169,178,9,1,0,1610000,Sponsor_12,PM_14,6,4,4,3,2.3333333333333335,10,3,1,1,25.333333333333332,0,0,2,0,0,0,1,7,7,0,0.0,78,0,1,1,0,Medium,0.05325443786982249,0,0,1,2,Low
P171,IT Delivery UK Program 171,IT Delivery,Technology,UK,High,2024-05-20 00:00:00,2024-08-20 00:00:00,2024-09-07 00:00:00,92,110,18,1,0,515000,Sponsor_06,PM_16,6,4,6,4,3.1666666666666665,5,9,1,2,16.88888888888889,0,0,0,4,3,2,0,12,11,1,0.083,52,0,0,0,0,Low,0.1956521739130435,0,0,1,4,Medium
P172,Product Launch Europe Program 172,Product Launch,Operations,Europe,Medium,2024-09-26 00:00:00,2025-05-21 00:00:00,2025-06-11 00:00:00,237,258,21,1,0,1465000,Sponsor_08,PM_03,6,4,6,4,4.5,12,5,1,2,29.2,0,1,1,1,0,2,0,11,9,2,0.182,114,1,0,0,0,High,0.08860759493670886,1,1,1,6,High
P173,Product Launch Europe Program 173,Product Launch,Technology,Europe,High,2024-01-03 00:00:00,2024-04-13 00:00:00,2024-05-05 00:00:00,101,123,22,1,0,205000,Sponsor_01,PM_08,6,4,5,3,3.6666666666666665,8,6,1,1,19.666666666666668,0,1,2,0,0,3,0,11,8,3,0.273,161,0,0,0,0,Low,0.21782178217821782,1,1,1,4,Medium
P174,Operations Improvement UK Program 174,Operations Improvement,Technology,UK,High,2025-01-16 00:00:00,2025-05-16 00:00:00,2025-05-16 00:00:00,120,120,0,0,0,1208000,Sponsor_03,PM_02,6,4,0,0,0.0,0,7,1,2,16.714285714285715,0,1,2,2,1,0,1,7,4,3,0.429,139,0,2,2,0,High,0.0,1,1,1,4,Medium
P175,IT Delivery Europe Program 175,IT Delivery,Sales,Europe,High,2024-11-07 00:00:00,2025-04-08 00:00:00,2025-06-01 00:00:00,152,206,54,1,1,1130000,Sponsor_10,PM_12,6,4,5,4,9.833333333333334,20,8,0,3,12.75,1,2,0,1,0,1,3,11,9,2,0.182,58,1,5,4,0,Medium,0.35526315789473684,1,0,1,6,High
P176,IT Delivery UK Program 176,IT Delivery,Technology,UK,High,2025-01-20 00:00:00,2025-07-07 00:00:00,2025-08-19 00:00:00,168,211,43,1,1,392000,Sponsor_09,PM_07,6,4,6,4,7.333333333333333,14,9,2,4,33.888888888888886,1,0,3,1,2,0,2,7,5,2,0.286,202,1,2,0,0,High,0.25595238095238093,1,1,1,6,High
P177,Product Launch Europe Program 177,Product Launch,Customer Experience,Europe,Medium,2025-01-16 00:00:00,2025-08-11 00:00:00,2025-09-20 00:00:00,207,247,40,1,1,1711000,Sponsor_10,PM_03,6,4,5,4,8.0,16,8,1,1,33.5,4,1,1,0,0,1,1,5,6,0,0.0,72,1,0,0,0,Medium,0.1932367149758454,0,0,1,3,Medium
P178,Operations Improvement Europe Program 178,Operations Improvement,Operations,Europe,Low,2024-11-30 00:00:00,2025-05-20 00:00:00,2025-06-13 00:00:00,171,195,24,1,0,1107000,Sponsor_04,PM_09,6,4,6,4,4.666666666666667,8,7,2,1,27.714285714285715,2,0,1,2,1,0,1,5,2,3,0.6,59,1,1,1,0,Medium,0.14035087719298245,1,0,1,4,Medium
P179,IT Delivery Australia Program 179,IT Delivery,Operations,Australia,Medium,2024-07-31 00:00:00,2025-02-21 00:00:00,2025-04-06 00:00:00,205,249,44,1,1,811000,Sponsor_05,PM_15,6,4,6,4,8.166666666666666,13,11,2,5,36.54545454545455,1,2,2,2,0,2,2,5,6,0,0.0,5,0,5,5,1,High,0.2146341463414634,0,0,1,7,High
P180,Product Launch UK Program 180,Product Launch,Operations,UK,High,2024-06-27 00:00:00,2024-10-02 00:00:00,2024-10-30 00:00:00,97,125,28,1,0,1008000,Sponsor_09,PM_15,6,4,6,4,6.833333333333333,26,9,2,3,23.0,0,1,1,3,1,2,1,15,13,2,0.133,51,1,3,2,0,Low,0.28865979381443296,0,0,1,4,Medium
P181,Transformation Europe Program 181,Transformation,Customer Experience,Europe,Medium,2024-03-27 00:00:00,2024-11-21 00:00:00,2025-01-12 00:00:00,239,291,52,1,1,1380000,Sponsor_15,PM_09,6,4,6,4,10.0,16,10,4,5,65.3,1,0,1,3,3,0,2,5,5,0,0.0,103,1,3,2,0,High,0.2175732217573222,0,1,1,7,High
P182,Transformation Europe Program 182,Transformation,Customer Experience,Europe,Medium,2025-05-23 00:00:00,2025-08-28 00:00:00,2025-10-22 00:00:00,97,152,55,1,1,963000,Sponsor_03,PM_14,6,4,5,4,11.833333333333334,32,12,2,5,23.416666666666668,1,1,2,4,1,0,3,9,6,3,0.333,177,0,5,4,1,High,0.5670103092783505,1,1,1,8,High
P183,IT Delivery Europe Program 183,IT Delivery,Finance,Europe,Low,2024-03-30 00:00:00,2024-09-07 00:00:00,2024-10-02 00:00:00,161,186,25,1,0,964000,Sponsor_07,PM_05,6,4,6,4,4.333333333333333,7,7,1,4,21.714285714285715,1,0,4,0,0,1,1,7,8,0,0.0,101,1,0,0,0,Low,0.15527950310559005,0,1,1,5,Medium
P184,IT Delivery Europe Program 184,IT Delivery,Finance,Europe,Low,2025-02-01 00:00:00,2025-07-10 00:00:00,2025-09-04 00:00:00,159,215,56,1,1,548000,Sponsor_06,PM_01,6,4,6,4,10.0,15,6,1,1,40.5,2,0,1,0,1,1,1,13,10,3,0.231,140,0,0,0,0,Medium,0.3522012578616352,1,1,1,5,Medium
P185,Product Launch Europe Program 185,Product Launch,Customer Experience,Europe,High,2024-09-29 00:00:00,2025-05-13 00:00:00,2025-06-24 00:00:00,226,268,42,1,1,1800000,Sponsor_13,PM_02,6,4,6,4,8.666666666666666,20,10,0,3,10.3,3,2,2,0,1,1,1,7,5,2,0.286,65,1,0,0,0,Medium,0.18584070796460178,1,0,1,7,High
P186,Product Launch Australia Program 186,Product Launch,Sales,Australia,Medium,2025-07-31 00:00:00,2025-12-04 00:00:00,2025-12-27 00:00:00,126,149,23,1,0,1333000,Sponsor_14,PM_07,6,4,6,4,4.5,8,9,0,2,14.555555555555555,1,2,1,0,1,3,1,11,8,3,0.273,79,0,0,0,0,Low,0.18253968253968253,1,0,1,6,High
P187,IT Delivery UK Program 187,IT Delivery,Sales,UK,Low,2024-05-13 00:00:00,2024-11-06 00:00:00,2025-01-08 00:00:00,177,240,63,1,1,1648000,Sponsor_15,PM_06,6,4,6,4,11.0,19,11,1,3,18.363636363636363,1,0,3,3,0,2,2,9,7,2,0.222,218,1,3,2,0,Medium,0.3559322033898305,1,1,1,6,High
P188,Operations Improvement UK Program 188,Operations Improvement,Customer Experience,UK,Medium,2024-11-05 00:00:00,2025-04-26 00:00:00,2025-04-26 00:00:00,172,172,0,0,0,459000,Sponsor_12,PM_06,6,4,0,0,0.0,0,6,1,3,17.833333333333332,2,1,1,0,1,1,0,10,8,2,0.2,201,0,0,0,0,Medium,0.0,1,1,1,5,Medium
P189,Operations Improvement UK Program 189,Operations Improvement,Technology,UK,High,2024-10-28 00:00:00,2025-02-27 00:00:00,2025-03-25 00:00:00,122,148,26,1,0,543000,Sponsor_12,PM_01,6,4,5,3,4.333333333333333,9,7,2,2,28.714285714285715,3,1,2,0,0,1,0,13,10,3,0.231,66,0,0,0,0,High,0.21311475409836064,1,0,1,6,High
P190,Product Launch UK Program 190,Product Launch,Sales,UK,Medium,2024-11-23 00:00:00,2025-04-04 00:00:00,2025-04-21 00:00:00,132,149,17,1,0,1482000,Sponsor_14,PM_03,6,4,5,3,2.8333333333333335,6,7,2,3,31.142857142857142,1,2,0,1,1,0,2,15,12,3,0.2,87,1,3,2,0,Low,0.12878787878787878,1,1,1,7,High
P191,Operations Improvement UK Program 191,Operations Improvement,Technology,UK,Medium,2025-03-24 00:00:00,2025-10-07 00:00:00,2025-10-14 00:00:00,197,204,7,1,0,520000,Sponsor_08,PM_14,6,4,4,3,1.8333333333333333,8,3,0,1,10.333333333333334,0,0,0,1,0,1,1,10,11,0,0.0,83,0,0,0,0,High,0.03553299492385787,0,1,1,3,Medium
P192,Operations Improvement UK Program 192,Operations Improvement,Operations,UK,Low,2024-06-23 00:00:00,2024-12-26 00:00:00,2025-02-07 00:00:00,186,229,43,1,1,509000,Sponsor_09,PM_03,6,4,5,3,7.166666666666667,12,6,2,1,42.333333333333336,1,0,2,2,0,1,0,5,7,0,0.0,3,0,2,0,0,High,0.23118279569892472,0,0,1,2,Low
P193,Transformation UK Program 193,Transformation,Customer Experience,UK,High,2024-07-29 00:00:00,2024-12-14 00:00:00,2025-01-13 00:00:00,138,168,30,1,0,1018000,Sponsor_12,PM_18,6,4,6,4,6.0,12,11,1,3,18.545454545454547,1,1,3,0,2,2,2,15,12,3,0.2,32,0,0,0,0,Low,0.21739130434782608,1,0,1,5,Medium
P194,Operations Improvement Europe Program 194,Operations Improvement,Operations,Europe,Medium,2025-05-06 00:00:00,2025-09-24 00:00:00,2025-09-24 00:00:00,141,141,0,0,0,378000,Sponsor_04,PM_01,6,4,0,0,0.0,0,6,3,2,39.666666666666664,1,2,2,0,0,1,0,6,3,3,0.5,98,0,0,0,0,Medium,0.0,1,1,1,5,Medium
P195,IT Delivery UK Program 195,IT Delivery,Sales,UK,Medium,2025-01-25 00:00:00,2025-07-28 00:00:00,2025-09-13 00:00:00,184,231,47,1,1,562000,Sponsor_01,PM_15,6,4,4,3,7.833333333333333,19,12,2,4,39.333333333333336,2,1,0,5,3,0,1,8,9,0,0.0,7,1,1,1,0,High,0.2554347826086957,0,0,1,5,Medium
P196,Client Implementation UK Program 196,Client Implementation,Operations,UK,Medium,2024-03-03 00:00:00,2024-09-08 00:00:00,2024-09-19 00:00:00,189,200,11,1,0,1250000,Sponsor_09,PM_14,6,4,6,4,2.0,3,6,0,3,17.833333333333332,1,2,0,1,0,1,1,14,14,0,0.0,38,1,3,3,0,High,0.0582010582010582,0,0,1,5,Medium
P197,IT Delivery Europe Program 197,IT Delivery,Customer Experience,Europe,Low,2024-05-30 00:00:00,2024-09-27 00:00:00,2024-11-17 00:00:00,120,171,51,1,1,1730000,Sponsor_03,PM_15,6,4,5,4,9.166666666666666,16,10,0,4,12.0,2,1,2,1,3,0,1,6,8,0,0.0,55,0,5,3,1,Medium,0.425,0,0,1,7,High
P198,Operations Improvement UK Program 198,Operations Improvement,Technology,UK,Low,2025-07-23 00:00:00,2026-01-30 00:00:00,2026-02-07 00:00:00,191,199,8,1,0,1310000,Sponsor_14,PM_11,6,4,6,4,1.5,2,3,2,1,61.666666666666664,0,1,0,2,0,0,0,8,10,0,0.0,79,0,3,0,0,Low,0.041884816753926704,0,0,1,2,Low
P199,Transformation Europe Program 199,Transformation,Sales,Europe,Medium,2024-04-12 00:00:00,2024-08-07 00:00:00,2024-09-15 00:00:00,117,156,39,1,1,1332000,Sponsor_13,PM_04,6,4,5,4,7.5,13,7,2,4,30.142857142857142,1,0,0,4,2,0,0,8,10,0,0.0,62,0,4,2,0,Medium,0.3333333333333333,0,0,1,4,Medium
P200,Transformation UK Program 200,Transformation,Technology,UK,Medium,2024-12-05 00:00:00,2025-05-04 00:00:00,2025-05-27 00:00:00,150,173,23,1,0,280000,Sponsor_15,PM_16,6,4,5,4,4.166666666666667,7,9,1,2,20.0,1,0,1,2,3,0,2,8,7,1,0.125,99,0,2,2,0,High,0.15333333333333332,0,1,1,5,Medium
